,file_number,filename,object,object_score,object_bounds,time,last_clean_time,next_clean_time,new_date,new_time,group,range_start
0,1,C:\Users\jaqua\Downloads\Thopmson__-20211127T004305Z-001\Thopmson_\PUP 10_\103MEDIA\DSCF0157.JPG,Person,0.7551708817481995,"normalized_vertices {
  x: 0.18117929995059967
  y: 0.4562425911426544
}
normalized_vertices {
  x: 0.38483354449272156
  y: 0.4562425911426544
}
normalized_vertices {
  x: 0.38483354449272156
  y: 0.9556431174278259
}
normalized_vertices {
  x: 0.18117929995059967
  y: 0.9556431174278259
}
",2020-06-13 05:12:24,,2020-06-13 05:12:24,2020-06-13,05:12:24,1,2020-06-13 05:12:24
1,1,C:\Users\jaqua\Downloads\Thopmson__-20211127T004305Z-001\Thopmson_\PUP 10_\103MEDIA\DSCF0157.JPG,Clothing,0.7022172212600708,"normalized_vertices {
  x: 0.1821873039007187
  y: 0.5268184542655945
}
normalized_vertices {
  x: 0.3773832321166992
  y: 0.5268184542655945
}
normalized_vertices {
  x: 0.3773832321166992
  y: 0.9551129937171936
}
normalized_vertices {
  x: 0.1821873039007187
  y: 0.9551129937171936
}
",2020-06-13 05:12:24,2020-06-13 05:12:24,2020-06-13 05:12:25,2020-06-13,05:12:24,1,2020-06-13 05:12:24
2,2,C:\Users\jaqua\Downloads\Thopmson__-20211127T004305Z-001\Thopmson_\PUP 10_\103MEDIA\DSCF0158.JPG,Animal,0.7287576198577881,"normalized_vertices {
  x: 0.4303300082683563
  y: 0.4809229075908661
}
normalized_vertices {
  x: 0.6097077131271362
  y: 0.4809229075908661
}
normalized_vertices {
  x: 0.6097077131271362
  y: 0.9496024250984192
}
normalized_vertices {
  x: 0.4303300082683563
  y: 0.9496024250984192
}
",2020-06-13 05:12:25,2020-06-13 05:12:24,2020-06-13 05:12:25,2020-06-13,05:12:25,1,2020-06-13 05:12:24
3,2,C:\Users\jaqua\Downloads\Thopmson__-20211127T004305Z-001\Thopmson_\PUP 10_\103MEDIA\DSCF0158.JPG,Animal,0.5738112926483154,"normalized_vertices {
  x: 0.5675568580627441
  y: 0.8207970261573792
}
normalized_vertices {
  x: 0.676481306552887
  y: 0.8207970261573792
}
normalized_vertices {
  x: 0.676481306552887
  y: 0.9477519989013672
}
normalized_vertices {
  x: 0.5675568580627441
  y: 0.9477519989013672
}
",2020-06-13 05:12:25,2020-06-13 05:12:25,2020-06-13 05:12:25,2020-06-13,05:12:25,1,2020-06-13 05:12:24
4,2,C:\Users\jaqua\Downloads\Thopmson__-20211127T004305Z-001\Thopmson_\PUP 10_\103MEDIA\DSCF0158.JPG,Clothing,0.5530562400817871,"normalized_vertices {
  x: 0.4294547140598297
  y: 0.4948670566082001
}
normalized_vertices {
  x: 0.6082488894462585
  y: 0.4948670566082001
}
normalized_vertices {
  x: 0.6082488894462585
  y: 0.956805408000946
}
normalized_vertices {
  x: 0.4294547140598297
  y: 0.956805408000946
}
",2020-06-13 05:12:25,2020-06-13 05:12:25,2020-06-13 05:12:25,2020-06-13,05:12:25,1,2020-06-13 05:12:24
5,3,C:\Users\jaqua\Downloads\Thopmson__-20211127T004305Z-001\Thopmson_\PUP 10_\103MEDIA\DSCF0159.JPG,Person,0.721468985080719,"normalized_vertices {
  x: 0.4920711815357208
  y: 0.5175976157188416
}
normalized_vertices {
  x: 0.6545154452323914
  y: 0.5175976157188416
}
normalized_vertices {
  x: 0.6545154452323914
  y: 0.9255480766296387
}
normalized_vertices {
  x: 0.4920711815357208
  y: 0.9255480766296387
}
",2020-06-13 05:12:25,2020-06-13 05:12:25,2020-06-15 05:10:28,2020-06-13,05:12:25,1,2020-06-13 05:12:24
6,4,C:\Users\jaqua\Downloads\Thopmson__-20211127T004305Z-001\Thopmson_\PUP 10_\103MEDIA\DSCF0580.JPG,Clothing,0.7833751440048218,"normalized_vertices {
  x: 0.224124476313591
  y: 0.49828004837036133
}
normalized_vertices {
  x: 0.4080660343170166
  y: 0.49828004837036133
}
normalized_vertices {
  x: 0.4080660343170166
  y: 0.933513879776001
}
normalized_vertices {
  x: 0.224124476313591
  y: 0.933513879776001
}
",2020-06-15 05:10:28,2020-06-13 05:12:25,2020-06-15 05:10:28,2020-06-15,05:10:28,2,2020-06-15 05:10:28
7,4,C:\Users\jaqua\Downloads\Thopmson__-20211127T004305Z-001\Thopmson_\PUP 10_\103MEDIA\DSCF0580.JPG,Person,0.773230254650116,"normalized_vertices {
  x: 0.21705053746700287
  y: 0.43803831934928894
}
normalized_vertices {
  x: 0.41092368960380554
  y: 0.43803831934928894
}
normalized_vertices {
  x: 0.41092368960380554
  y: 0.9346185326576233
}
normalized_vertices {
  x: 0.21705053746700287
  y: 0.9346185326576233
}
",2020-06-15 05:10:28,2020-06-15 05:10:28,2020-06-15 05:10:28,2020-06-15,05:10:28,2,2020-06-15 05:10:28
8,5,C:\Users\jaqua\Downloads\Thopmson__-20211127T004305Z-001\Thopmson_\PUP 10_\103MEDIA\DSCF0581.JPG,Person,0.8533753752708435,"normalized_vertices {
  x: 0.47519540786743164
  y: 0.485378623008728
}
normalized_vertices {
  x: 0.65951007604599
  y: 0.485378623008728
}
normalized_vertices {
  x: 0.65951007604599
  y: 0.9591850638389587
}
normalized_vertices {
  x: 0.47519540786743164
  y: 0.9591850638389587
}
",2020-06-15 05:10:28,2020-06-15 05:10:28,2020-06-15 05:10:28,2020-06-15,05:10:28,2,2020-06-15 05:10:28
9,5,C:\Users\jaqua\Downloads\Thopmson__-20211127T004305Z-001\Thopmson_\PUP 10_\103MEDIA\DSCF0581.JPG,Clothing,0.746414065361023,"normalized_vertices {
  x: 0.48382484912872314
  y: 0.509779691696167
}
normalized_vertices {
  x: 0.6579383015632629
  y: 0.509779691696167
}
normalized_vertices {
  x: 0.6579383015632629
  y: 0.9199099540710449
}
normalized_vertices {
  x: 0.48382484912872314
  y: 0.9199099540710449
}
",2020-06-15 05:10:28,2020-06-15 05:10:28,2020-06-15 05:10:28,2020-06-15,05:10:28,2,2020-06-15 05:10:28
10,5,C:\Users\jaqua\Downloads\Thopmson__-20211127T004305Z-001\Thopmson_\PUP 10_\103MEDIA\DSCF0581.JPG,Animal,0.5762717127799988,"normalized_vertices {
  x: 0.6483885645866394
  y: 0.7827518582344055
}
normalized_vertices {
  x: 0.7580285668373108
  y: 0.7827518582344055
}
normalized_vertices {
  x: 0.7580285668373108
  y: 0.9301100373268127
}
normalized_vertices {
  x: 0.6483885645866394
  y: 0.9301100373268127
}
",2020-06-15 05:10:28,2020-06-15 05:10:28,2020-06-15 05:10:29,2020-06-15,05:10:28,2,2020-06-15 05:10:28
11,6,C:\Users\jaqua\Downloads\Thopmson__-20211127T004305Z-001\Thopmson_\PUP 10_\103MEDIA\DSCF0582.JPG,Animal,0.7960874438285828,"normalized_vertices {
  x: 0.546347439289093
  y: 0.5003156661987305
}
normalized_vertices {
  x: 0.7068607807159424
  y: 0.5003156661987305
}
normalized_vertices {
  x: 0.7068607807159424
  y: 0.9175438284873962
}
normalized_vertices {
  x: 0.546347439289093
  y: 0.9175438284873962
}
",2020-06-15 05:10:29,2020-06-15 05:10:28,2020-06-15 05:10:29,2020-06-15,05:10:29,2,2020-06-15 05:10:28
12,6,C:\Users\jaqua\Downloads\Thopmson__-20211127T004305Z-001\Thopmson_\PUP 10_\103MEDIA\DSCF0582.JPG,Animal,0.6641465425491333,"normalized_vertices {
  x: 0.6892581582069397
  y: 0.7559266686439514
}
normalized_vertices {
  x: 0.7920147776603699
  y: 0.7559266686439514
}
normalized_vertices {
  x: 0.7920147776603699
  y: 0.9073289036750793
}
normalized_vertices {
  x: 0.6892581582069397
  y: 0.9073289036750793
}
",2020-06-15 05:10:29,2020-06-15 05:10:29,2020-06-15 05:10:29,2020-06-15,05:10:29,2,2020-06-15 05:10:28
13,6,C:\Users\jaqua\Downloads\Thopmson__-20211127T004305Z-001\Thopmson_\PUP 10_\103MEDIA\DSCF0582.JPG,Person,0.6173040270805359,"normalized_vertices {
  x: 0.5465483069419861
  y: 0.4890507459640503
}
normalized_vertices {
  x: 0.7128351330757141
  y: 0.4890507459640503
}
normalized_vertices {
  x: 0.7128351330757141
  y: 0.9105491638183594
}
normalized_vertices {
  x: 0.5465483069419861
  y: 0.9105491638183594
}
",2020-06-15 05:10:29,2020-06-15 05:10:29,2020-06-19 05:08:01,2020-06-15,05:10:29,2,2020-06-15 05:10:28
14,7,C:\Users\jaqua\Downloads\Thopmson__-20211127T004305Z-001\Thopmson_\PUP 10_\103MEDIA\DSCF0616.JPG,Person,0.823968768119812,"normalized_vertices {
  x: 0.2351963073015213
  y: 0.4692330062389374
}
normalized_vertices {
  x: 0.46370765566825867
  y: 0.4692330062389374
}
normalized_vertices {
  x: 0.46370765566825867
  y: 0.9478428363800049
}
normalized_vertices {
  x: 0.2351963073015213
  y: 0.9478428363800049
}
",2020-06-19 05:08:01,2020-06-15 05:10:29,2020-06-19 05:08:01,2020-06-19,05:08:01,3,2020-06-19 05:08:01
15,7,C:\Users\jaqua\Downloads\Thopmson__-20211127T004305Z-001\Thopmson_\PUP 10_\103MEDIA\DSCF0616.JPG,Animal,0.7277917265892029,"normalized_vertices {
  x: 0.44493404030799866
  y: 0.7569995522499084
}
normalized_vertices {
  x: 0.6349048018455505
  y: 0.7569995522499084
}
normalized_vertices {
  x: 0.6349048018455505
  y: 0.9549746513366699
}
normalized_vertices {
  x: 0.44493404030799866
  y: 0.9549746513366699
}
",2020-06-19 05:08:01,2020-06-19 05:08:01,2020-06-19 05:08:01,2020-06-19,05:08:01,3,2020-06-19 05:08:01
16,8,C:\Users\jaqua\Downloads\Thopmson__-20211127T004305Z-001\Thopmson_\PUP 10_\103MEDIA\DSCF0617.JPG,Person,0.8581078052520752,"normalized_vertices {
  x: 0.42681917548179626
  y: 0.4604804813861847
}
normalized_vertices {
  x: 0.6308590769767761
  y: 0.4604804813861847
}
normalized_vertices {
  x: 0.6308590769767761
  y: 0.9291072487831116
}
normalized_vertices {
  x: 0.42681917548179626
  y: 0.9291072487831116
}
",2020-06-19 05:08:01,2020-06-19 05:08:01,2020-06-19 05:08:01,2020-06-19,05:08:01,3,2020-06-19 05:08:01
17,8,C:\Users\jaqua\Downloads\Thopmson__-20211127T004305Z-001\Thopmson_\PUP 10_\103MEDIA\DSCF0617.JPG,Animal,0.8148895502090454,"normalized_vertices {
  x: 0.6129563450813293
  y: 0.7423617839813232
}
normalized_vertices {
  x: 0.7480760216712952
  y: 0.7423617839813232
}
normalized_vertices {
  x: 0.7480760216712952
  y: 0.939826488494873
}
normalized_vertices {
  x: 0.6129563450813293
  y: 0.939826488494873
}
",2020-06-19 05:08:01,2020-06-19 05:08:01,2020-06-19 05:08:01,2020-06-19,05:08:01,3,2020-06-19 05:08:01
18,8,C:\Users\jaqua\Downloads\Thopmson__-20211127T004305Z-001\Thopmson_\PUP 10_\103MEDIA\DSCF0617.JPG,Clothing,0.7522920966148376,"normalized_vertices {
  x: 0.42598602175712585
  y: 0.4793715476989746
}
normalized_vertices {
  x: 0.6273526549339294
  y: 0.4793715476989746
}
normalized_vertices {
  x: 0.6273526549339294
  y: 0.9256963133811951
}
normalized_vertices {
  x: 0.42598602175712585
  y: 0.9256963133811951
}
",2020-06-19 05:08:01,2020-06-19 05:08:01,2020-06-19 05:08:01,2020-06-19,05:08:01,3,2020-06-19 05:08:01
19,9,C:\Users\jaqua\Downloads\Thopmson__-20211127T004305Z-001\Thopmson_\PUP 10_\103MEDIA\DSCF0618.JPG,Person,0.7925231456756592,"normalized_vertices {
  x: 0.4679330587387085
  y: 0.49366483092308044
}
normalized_vertices {
  x: 0.6734225153923035
  y: 0.49366483092308044
}
normalized_vertices {
  x: 0.6734225153923035
  y: 0.9527924656867981
}
normalized_vertices {
  x: 0.4679330587387085
  y: 0.9527924656867981
}
",2020-06-19 05:08:01,2020-06-19 05:08:01,2020-06-19 05:08:01,2020-06-19,05:08:01,3,2020-06-19 05:08:01
20,9,C:\Users\jaqua\Downloads\Thopmson__-20211127T004305Z-001\Thopmson_\PUP 10_\103MEDIA\DSCF0618.JPG,Clothing,0.6791628003120422,"normalized_vertices {
  x: 0.4739398956298828
  y: 0.4976121187210083
}
normalized_vertices {
  x: 0.6746529936790466
  y: 0.4976121187210083
}
normalized_vertices {
  x: 0.6746529936790466
  y: 0.9292390942573547
}
normalized_vertices {
  x: 0.4739398956298828
  y: 0.9292390942573547
}
",2020-06-19 05:08:01,2020-06-19 05:08:01,2020-06-19 05:08:01,2020-06-19,05:08:01,3,2020-06-19 05:08:01
21,9,C:\Users\jaqua\Downloads\Thopmson__-20211127T004305Z-001\Thopmson_\PUP 10_\103MEDIA\DSCF0618.JPG,Animal,0.633337140083313,"normalized_vertices {
  x: 0.6499093174934387
  y: 0.7449750304222107
}
normalized_vertices {
  x: 0.7807376980781555
  y: 0.7449750304222107
}
normalized_vertices {
  x: 0.7807376980781555
  y: 0.9483675360679626
}
normalized_vertices {
  x: 0.6499093174934387
  y: 0.9483675360679626
}
",2020-06-19 05:08:01,2020-06-19 05:08:01,2020-06-21 05:07:56,2020-06-19,05:08:01,3,2020-06-19 05:08:01
22,10,C:\Users\jaqua\Downloads\Thopmson__-20211127T004305Z-001\Thopmson_\PUP 10_\103MEDIA\DSCF0631.JPG,Animal,0.7261128425598145,"normalized_vertices {
  x: 0.20085091888904572
  y: 0.4357963502407074
}
normalized_vertices {
  x: 0.5100618004798889
  y: 0.4357963502407074
}
normalized_vertices {
  x: 0.5100618004798889
  y: 0.9647741317749023
}
normalized_vertices {
  x: 0.20085091888904572
  y: 0.9647741317749023
}
",2020-06-21 05:07:56,2020-06-19 05:08:01,2020-06-21 05:07:56,2020-06-21,05:07:56,4,2020-06-21 05:07:56
23,11,C:\Users\jaqua\Downloads\Thopmson__-20211127T004305Z-001\Thopmson_\PUP 10_\103MEDIA\DSCF0632.JPG,Person,0.8423413634300232,"normalized_vertices {
  x: 0.4138140380382538
  y: 0.45270219445228577
}
normalized_vertices {
  x: 0.6123647093772888
  y: 0.45270219445228577
}
normalized_vertices {
  x: 0.6123647093772888
  y: 0.9489342570304871
}
normalized_vertices {
  x: 0.4138140380382538
  y: 0.9489342570304871
}
",2020-06-21 05:07:56,2020-06-21 05:07:56,2020-06-21 05:07:56,2020-06-21,05:07:56,4,2020-06-21 05:07:56
24,11,C:\Users\jaqua\Downloads\Thopmson__-20211127T004305Z-001\Thopmson_\PUP 10_\103MEDIA\DSCF0632.JPG,Clothing,0.635168731212616,"normalized_vertices {
  x: 0.41448912024497986
  y: 0.4743909537792206
}
normalized_vertices {
  x: 0.6075515151023865
  y: 0.4743909537792206
}
normalized_vertices {
  x: 0.6075515151023865
  y: 0.9409094452857971
}
normalized_vertices {
  x: 0.41448912024497986
  y: 0.9409094452857971
}
",2020-06-21 05:07:56,2020-06-21 05:07:56,2020-06-21 05:07:56,2020-06-21,05:07:56,4,2020-06-21 05:07:56
25,12,C:\Users\jaqua\Downloads\Thopmson__-20211127T004305Z-001\Thopmson_\PUP 10_\103MEDIA\DSCF0633.JPG,Animal,0.6355380415916443,"normalized_vertices {
  x: 0.4516720771789551
  y: 0.47237420082092285
}
normalized_vertices {
  x: 0.6761637330055237
  y: 0.47237420082092285
}
normalized_vertices {
  x: 0.6761637330055237
  y: 0.9530711770057678
}
normalized_vertices {
  x: 0.4516720771789551
  y: 0.9530711770057678
}
",2020-06-21 05:07:56,2020-06-21 05:07:56,2020-06-29 05:22:15,2020-06-21,05:07:56,4,2020-06-21 05:07:56
26,16,C:\Users\jaqua\Downloads\Thopmson__-20211127T004305Z-001\Thopmson_\PUP 10_\103MEDIA\DSCF0727.JPG,Person,0.821694016456604,"normalized_vertices {
  x: 0.6644474267959595
  y: 0.4974423348903656
}
normalized_vertices {
  x: 0.7917027473449707
  y: 0.4974423348903656
}
normalized_vertices {
  x: 0.7917027473449707
  y: 0.7828779220581055
}
normalized_vertices {
  x: 0.6644474267959595
  y: 0.7828779220581055
}
",2020-06-29 05:22:15,2020-06-21 05:07:56,2020-06-29 05:22:15,2020-06-29,05:22:15,5,2020-06-29 05:22:15
27,16,C:\Users\jaqua\Downloads\Thopmson__-20211127T004305Z-001\Thopmson_\PUP 10_\103MEDIA\DSCF0727.JPG,Animal,0.6918033361434937,"normalized_vertices {
  x: 0.4736604392528534
  y: 0.7662510871887207
}
normalized_vertices {
  x: 0.7084547877311707
  y: 0.7662510871887207
}
normalized_vertices {
  x: 0.7084547877311707
  y: 0.95510333776474
}
normalized_vertices {
  x: 0.4736604392528534
  y: 0.95510333776474
}
",2020-06-29 05:22:15,2020-06-29 05:22:15,2020-06-29 05:22:15,2020-06-29,05:22:15,5,2020-06-29 05:22:15
28,16,C:\Users\jaqua\Downloads\Thopmson__-20211127T004305Z-001\Thopmson_\PUP 10_\103MEDIA\DSCF0727.JPG,Clothing,0.5173042416572571,"normalized_vertices {
  x: 0.6792209148406982
  y: 0.5133033990859985
}
normalized_vertices {
  x: 0.7857487797737122
  y: 0.5133033990859985
}
normalized_vertices {
  x: 0.7857487797737122
  y: 0.7412649989128113
}
normalized_vertices {
  x: 0.6792209148406982
  y: 0.7412649989128113
}
",2020-06-29 05:22:15,2020-06-29 05:22:15,2020-06-29 05:22:15,2020-06-29,05:22:15,5,2020-06-29 05:22:15
29,17,C:\Users\jaqua\Downloads\Thopmson__-20211127T004305Z-001\Thopmson_\PUP 10_\103MEDIA\DSCF0728.JPG,Person,0.6840915679931641,"normalized_vertices {
  x: 0.479981392621994
  y: 0.47485318779945374
}
normalized_vertices {
  x: 0.6570303440093994
  y: 0.47485318779945374
}
normalized_vertices {
  x: 0.6570303440093994
  y: 0.9287422299385071
}
normalized_vertices {
  x: 0.479981392621994
  y: 0.9287422299385071
}
",2020-06-29 05:22:15,2020-06-29 05:22:15,2020-06-29 05:22:15,2020-06-29,05:22:15,5,2020-06-29 05:22:15
30,17,C:\Users\jaqua\Downloads\Thopmson__-20211127T004305Z-001\Thopmson_\PUP 10_\103MEDIA\DSCF0728.JPG,Top,0.6052832007408142,"normalized_vertices {
  x: 0.5260244011878967
  y: 0.5563451647758484
}
normalized_vertices {
  x: 0.6483579874038696
  y: 0.5563451647758484
}
normalized_vertices {
  x: 0.6483579874038696
  y: 0.7319846153259277
}
normalized_vertices {
  x: 0.5260244011878967
  y: 0.7319846153259277
}
",2020-06-29 05:22:15,2020-06-29 05:22:15,2020-06-29 05:22:15,2020-06-29,05:22:15,5,2020-06-29 05:22:15
31,18,C:\Users\jaqua\Downloads\Thopmson__-20211127T004305Z-001\Thopmson_\PUP 10_\103MEDIA\DSCF0729.JPG,Clothing,0.7289118766784668,"normalized_vertices {
  x: 0.431849867105484
  y: 0.5010879039764404
}
normalized_vertices {
  x: 0.6044676899909973
  y: 0.5010879039764404
}
normalized_vertices {
  x: 0.6044676899909973
  y: 0.9169824719429016
}
normalized_vertices {
  x: 0.431849867105484
  y: 0.9169824719429016
}
",2020-06-29 05:22:15,2020-06-29 05:22:15,2020-06-29 05:22:15,2020-06-29,05:22:15,5,2020-06-29 05:22:15
32,18,C:\Users\jaqua\Downloads\Thopmson__-20211127T004305Z-001\Thopmson_\PUP 10_\103MEDIA\DSCF0729.JPG,Person,0.5067203044891357,"normalized_vertices {
  x: 0.4360945522785187
  y: 0.4712787866592407
}
normalized_vertices {
  x: 0.6118434071540833
  y: 0.4712787866592407
}
normalized_vertices {
  x: 0.6118434071540833
  y: 0.9261372685432434
}
normalized_vertices {
  x: 0.4360945522785187
  y: 0.9261372685432434
}
",2020-06-29 05:22:15,2020-06-29 05:22:15,2020-07-01 23:21:05,2020-06-29,05:22:15,5,2020-06-29 05:22:15
33,25,C:\Users\jaqua\Downloads\Thopmson__-20211127T004305Z-001\Thopmson_\PUP 10_\103MEDIA\DSCF0763.JPG,Deer,0.7705737948417664,"normalized_vertices {
  x: 0.39523419737815857
  y: 0.5374759435653687
}
normalized_vertices {
  x: 0.5877588391304016
  y: 0.5374759435653687
}
normalized_vertices {
  x: 0.5877588391304016
  y: 0.7315688133239746
}
normalized_vertices {
  x: 0.39523419737815857
  y: 0.7315688133239746
}
",2020-06-29 23:21:05,2020-06-29 05:22:15,2020-07-01 23:21:05,2020-06-29,23:21:05,6,2020-06-29 23:21:05
34,26,C:\Users\jaqua\Downloads\Thopmson__-20211127T004305Z-001\Thopmson_\PUP 10_\103MEDIA\DSCF0764.JPG,Deer,0.9006487727165222,"normalized_vertices {
  x: 0.41206446290016174
  y: 0.49346327781677246
}
normalized_vertices {
  x: 0.6113366484642029
  y: 0.49346327781677246
}
normalized_vertices {
  x: 0.6113366484642029
  y: 0.7549195885658264
}
normalized_vertices {
  x: 0.41206446290016174
  y: 0.7549195885658264
}
",2020-07-01 23:21:05,2020-06-29 05:22:15,2020-07-01 23:21:05,2020-07-01,23:21:05,7,2020-07-01 23:21:05
35,27,C:\Users\jaqua\Downloads\Thopmson__-20211127T004305Z-001\Thopmson_\PUP 10_\103MEDIA\DSCF0765.JPG,Deer,0.9072003364562988,"normalized_vertices {
  x: 0.4145362079143524
  y: 0.4423467218875885
}
normalized_vertices {
  x: 0.6168380379676819
  y: 0.4423467218875885
}
normalized_vertices {
  x: 0.6168380379676819
  y: 0.7573225498199463
}
normalized_vertices {
  x: 0.4145362079143524
  y: 0.7573225498199463
}
",2020-07-01 23:21:05,2020-07-01 23:21:05,2020-07-06 23:55:11,2020-07-01,23:21:05,7,2020-07-01 23:21:05
36,30,C:\Users\jaqua\Downloads\Thopmson__-20211127T004305Z-001\Thopmson_\PUP 10_\103MEDIA\DSCF0816.JPG,Animal,0.6612572073936462,"normalized_vertices {
  x: 0.4590442180633545
  y: 0.5767070651054382
}
normalized_vertices {
  x: 0.5650047063827515
  y: 0.5767070651054382
}
normalized_vertices {
  x: 0.5650047063827515
  y: 0.7893365025520325
}
normalized_vertices {
  x: 0.4590442180633545
  y: 0.7893365025520325
}
",2020-07-06 23:55:11,2020-07-01 23:21:05,2020-07-08 21:11:16,2020-07-06,23:55:11,8,2020-07-06 23:55:11
37,31,C:\Users\jaqua\Downloads\Thopmson__-20211127T004305Z-001\Thopmson_\PUP 10_\103MEDIA\DSCF0829.JPG,Animal,0.6854031682014465,"normalized_vertices {
  x: 0.39627397060394287
  y: 0.5410659909248352
}
normalized_vertices {
  x: 0.48119404911994934
  y: 0.5410659909248352
}
normalized_vertices {
  x: 0.48119404911994934
  y: 0.6717507243156433
}
normalized_vertices {
  x: 0.39627397060394287
  y: 0.6717507243156433
}
",2020-07-08 21:11:16,2020-07-06 23:55:11,2020-07-08 21:11:16,2020-07-08,21:11:16,9,2020-07-08 21:11:16
38,32,C:\Users\jaqua\Downloads\Thopmson__-20211127T004305Z-001\Thopmson_\PUP 10_\103MEDIA\DSCF0830.JPG,Animal,0.7105221748352051,"normalized_vertices {
  x: 0.39225414395332336
  y: 0.5441625714302063
}
normalized_vertices {
  x: 0.4788477420806885
  y: 0.5441625714302063
}
normalized_vertices {
  x: 0.4788477420806885
  y: 0.6745302677154541
}
normalized_vertices {
  x: 0.39225414395332336
  y: 0.6745302677154541
}
",2020-07-08 21:11:16,2020-07-08 21:11:16,2020-07-08 21:11:16,2020-07-08,21:11:16,9,2020-07-08 21:11:16
39,33,C:\Users\jaqua\Downloads\Thopmson__-20211127T004305Z-001\Thopmson_\PUP 10_\103MEDIA\DSCF0831.JPG,Animal,0.7064979076385498,"normalized_vertices {
  x: 0.40050676465034485
  y: 0.5308097004890442
}
normalized_vertices {
  x: 0.4833085238933563
  y: 0.5308097004890442
}
normalized_vertices {
  x: 0.4833085238933563
  y: 0.6670452952384949
}
normalized_vertices {
  x: 0.40050676465034485
  y: 0.6670452952384949
}
",2020-07-08 21:11:16,2020-07-08 21:11:16,2020-07-08 21:11:16,2020-07-08,21:11:16,9,2020-07-08 21:11:16
40,33,C:\Users\jaqua\Downloads\Thopmson__-20211127T004305Z-001\Thopmson_\PUP 10_\103MEDIA\DSCF0831.JPG,Animal,0.5784476399421692,"normalized_vertices {
  x: 0.46848711371421814
  y: 0.38272154331207275
}
normalized_vertices {
  x: 0.6534264087677002
  y: 0.38272154331207275
}
normalized_vertices {
  x: 0.6534264087677002
  y: 0.6452935934066772
}
normalized_vertices {
  x: 0.46848711371421814
  y: 0.6452935934066772
}
",2020-07-08 21:11:16,2020-07-08 21:11:16,2020-07-09 05:37:49,2020-07-08,21:11:16,9,2020-07-08 21:11:16
41,34,C:\Users\jaqua\Downloads\Thopmson__-20211127T004305Z-001\Thopmson_\PUP 10_\103MEDIA\DSCF0832.JPG,Person,0.8791166543960571,"normalized_vertices {
  x: 0.23060981929302216
  y: 0.44033417105674744
}
normalized_vertices {
  x: 0.40929922461509705
  y: 0.44033417105674744
}
normalized_vertices {
  x: 0.40929922461509705
  y: 0.9360467791557312
}
normalized_vertices {
  x: 0.23060981929302216
  y: 0.9360467791557312
}
",2020-07-09 05:37:49,2020-07-08 21:11:16,2020-07-09 05:37:49,2020-07-09,05:37:49,10,2020-07-09 05:37:49
42,34,C:\Users\jaqua\Downloads\Thopmson__-20211127T004305Z-001\Thopmson_\PUP 10_\103MEDIA\DSCF0832.JPG,Animal,0.7570216655731201,"normalized_vertices {
  x: 0.44790026545524597
  y: 0.7865181565284729
}
normalized_vertices {
  x: 0.6025641560554504
  y: 0.7865181565284729
}
normalized_vertices {
  x: 0.6025641560554504
  y: 0.9504613280296326
}
normalized_vertices {
  x: 0.44790026545524597
  y: 0.9504613280296326
}
",2020-07-09 05:37:49,2020-07-09 05:37:49,2020-07-09 05:37:49,2020-07-09,05:37:49,10,2020-07-09 05:37:49
43,34,C:\Users\jaqua\Downloads\Thopmson__-20211127T004305Z-001\Thopmson_\PUP 10_\103MEDIA\DSCF0832.JPG,Clothing,0.7320414185523987,"normalized_vertices {
  x: 0.23919664323329926
  y: 0.500827968120575
}
normalized_vertices {
  x: 0.3939513862133026
  y: 0.500827968120575
}
normalized_vertices {
  x: 0.3939513862133026
  y: 0.9146401882171631
}
normalized_vertices {
  x: 0.23919664323329926
  y: 0.9146401882171631
}
",2020-07-09 05:37:49,2020-07-09 05:37:49,2020-07-09 05:37:49,2020-07-09,05:37:49,10,2020-07-09 05:37:49
44,35,C:\Users\jaqua\Downloads\Thopmson__-20211127T004305Z-001\Thopmson_\PUP 10_\103MEDIA\DSCF0833.JPG,Person,0.8250450491905212,"normalized_vertices {
  x: 0.44546201825141907
  y: 0.4654088020324707
}
normalized_vertices {
  x: 0.6125908493995667
  y: 0.4654088020324707
}
normalized_vertices {
  x: 0.6125908493995667
  y: 0.9320992827415466
}
normalized_vertices {
  x: 0.44546201825141907
  y: 0.9320992827415466
}
",2020-07-09 05:37:49,2020-07-09 05:37:49,2020-07-09 05:37:49,2020-07-09,05:37:49,10,2020-07-09 05:37:49
45,35,C:\Users\jaqua\Downloads\Thopmson__-20211127T004305Z-001\Thopmson_\PUP 10_\103MEDIA\DSCF0833.JPG,Clothing,0.7851853966712952,"normalized_vertices {
  x: 0.44530510902404785
  y: 0.511130154132843
}
normalized_vertices {
  x: 0.6009755730628967
  y: 0.511130154132843
}
normalized_vertices {
  x: 0.6009755730628967
  y: 0.917701005935669
}
normalized_vertices {
  x: 0.44530510902404785
  y: 0.917701005935669
}
",2020-07-09 05:37:49,2020-07-09 05:37:49,2020-07-09 05:37:49,2020-07-09,05:37:49,10,2020-07-09 05:37:49
46,36,C:\Users\jaqua\Downloads\Thopmson__-20211127T004305Z-001\Thopmson_\PUP 10_\103MEDIA\DSCF0834.JPG,Person,0.8224827647209167,"normalized_vertices {
  x: 0.5027039647102356
  y: 0.49762681126594543
}
normalized_vertices {
  x: 0.682703971862793
  y: 0.49762681126594543
}
normalized_vertices {
  x: 0.682703971862793
  y: 0.9195659160614014
}
normalized_vertices {
  x: 0.5027039647102356
  y: 0.9195659160614014
}
",2020-07-09 05:37:49,2020-07-09 05:37:49,2020-07-09 05:37:49,2020-07-09,05:37:49,10,2020-07-09 05:37:49
47,36,C:\Users\jaqua\Downloads\Thopmson__-20211127T004305Z-001\Thopmson_\PUP 10_\103MEDIA\DSCF0834.JPG,Animal,0.5890473127365112,"normalized_vertices {
  x: 0.5756648182868958
  y: 0.7474001049995422
}
normalized_vertices {
  x: 0.782883882522583
  y: 0.7474001049995422
}
normalized_vertices {
  x: 0.782883882522583
  y: 0.949862003326416
}
normalized_vertices {
  x: 0.5756648182868958
  y: 0.949862003326416
}
",2020-07-09 05:37:49,2020-07-09 05:37:49,,2020-07-09,05:37:49,10,2020-07-09 05:37:49
48,37,C:\Users\jaqua\Downloads\Thopmson__-20211127T004305Z-001\Thopmson_\PUP 10_\103MEDIA\DSCF0835.JPG,Person,0.8084973096847534,"normalized_vertices {
  x: 0.4603396952152252
  y: 0.4757016599178314
}
normalized_vertices {
  x: 0.6520394682884216
  y: 0.4757016599178314
}
normalized_vertices {
  x: 0.6520394682884216
  y: 0.9433494210243225
}
normalized_vertices {
  x: 0.4603396952152252
  y: 0.9433494210243225
}
",2020-07-09 06:13:32,2020-07-09 05:37:49,,2020-07-09,06:13:32,11,2020-07-09 06:13:32
49,37,C:\Users\jaqua\Downloads\Thopmson__-20211127T004305Z-001\Thopmson_\PUP 10_\103MEDIA\DSCF0835.JPG,Top,0.5036156177520752,"normalized_vertices {
  x: 0.5315261483192444
  y: 0.5649097561836243
}
normalized_vertices {
  x: 0.6432725787162781
  y: 0.5649097561836243
}
normalized_vertices {
  x: 0.6432725787162781
  y: 0.791318953037262
}
normalized_vertices {
  x: 0.5315261483192444
  y: 0.791318953037262
}
",2020-07-09 06:13:32,2020-07-09 05:37:49,,2020-07-09,06:13:32,11,2020-07-09 06:13:32
50,38,C:\Users\jaqua\Downloads\Thopmson__-20211127T004305Z-001\Thopmson_\PUP 10_\103MEDIA\DSCF0836.JPG,Person,0.8865761756896973,"normalized_vertices {
  x: 0.3458278179168701
  y: 0.45167112350463867
}
normalized_vertices {
  x: 0.5386382937431335
  y: 0.45167112350463867
}
normalized_vertices {
  x: 0.5386382937431335
  y: 0.9685361981391907
}
normalized_vertices {
  x: 0.3458278179168701
  y: 0.9685361981391907
}
",2020-07-09 06:13:32,2020-07-09 05:37:49,,2020-07-09,06:13:32,11,2020-07-09 06:13:32
51,38,C:\Users\jaqua\Downloads\Thopmson__-20211127T004305Z-001\Thopmson_\PUP 10_\103MEDIA\DSCF0836.JPG,Pants,0.6646379232406616,"normalized_vertices {
  x: 0.3539435565471649
  y: 0.784470796585083
}
normalized_vertices {
  x: 0.5225088000297546
  y: 0.784470796585083
}
normalized_vertices {
  x: 0.5225088000297546
  y: 0.9533328413963318
}
normalized_vertices {
  x: 0.3539435565471649
  y: 0.9533328413963318
}
",2020-07-09 06:13:32,2020-07-09 05:37:49,,2020-07-09,06:13:32,11,2020-07-09 06:13:32
52,39,C:\Users\jaqua\Downloads\Thopmson__-20211127T004305Z-001\Thopmson_\PUP 10_\103MEDIA\DSCF0837.JPG,Person,0.8480319380760193,"normalized_vertices {
  x: 0.2913425862789154
  y: 0.43942761421203613
}
normalized_vertices {
  x: 0.498697429895401
  y: 0.43942761421203613
}
normalized_vertices {
  x: 0.498697429895401
  y: 0.9641932845115662
}
normalized_vertices {
  x: 0.2913425862789154
  y: 0.9641932845115662
}
",2020-07-09 06:13:32,2020-07-09 05:37:49,,2020-07-09,06:13:32,11,2020-07-09 06:13:32
53,39,C:\Users\jaqua\Downloads\Thopmson__-20211127T004305Z-001\Thopmson_\PUP 10_\103MEDIA\DSCF0837.JPG,Pants,0.6617568135261536,"normalized_vertices {
  x: 0.3303874433040619
  y: 0.7917760014533997
}
normalized_vertices {
  x: 0.49622297286987305
  y: 0.7917760014533997
}
normalized_vertices {
  x: 0.49622297286987305
  y: 0.9471591114997864
}
normalized_vertices {
  x: 0.3303874433040619
  y: 0.9471591114997864
}
",2020-07-09 06:13:32,2020-07-09 05:37:49,,2020-07-09,06:13:32,11,2020-07-09 06:13:32
54,39,C:\Users\jaqua\Downloads\Thopmson__-20211127T004305Z-001\Thopmson_\PUP 10_\103MEDIA\DSCF0837.JPG,Racket,0.6442506909370422,"normalized_vertices {
  x: 0.10600016266107559
  y: 0.7044017910957336
}
normalized_vertices {
  x: 0.36371591687202454
  y: 0.7044017910957336
}
normalized_vertices {
  x: 0.36371591687202454
  y: 0.9600136876106262
}
normalized_vertices {
  x: 0.10600016266107559
  y: 0.9600136876106262
}
",2020-07-09 06:13:32,2020-07-09 05:37:49,,2020-07-09,06:13:32,11,2020-07-09 06:13:32
